Group.1,MonthlyRevenue,IncomeGroup,AgeHH1
1,84.59966468,5.585538349,41.31520546
2,37.48671601,5.789702713,44.33612591
3,201.7477017,5.685082873,40.23646409